Title,Location,Date
Manager of Procurement Finance,"Agoura Hills, CA", 13 days ago
Director of Global Procurement,"Agoura Hills, CA", 13 days ago
Server,"Columbus, OH", 15 days ago
Executive Assistant - Restaurant Operations,"Agoura Hills, CA", 9 days ago
Executive Assistant - President,"Agoura Hills, CA", 11 days ago
Head of Talent & Leadership Development,"Agoura Hills, CA", 26 days ago
Server - The Cheesecake Factory,"Miami, FL", 30+ days ago
Line Cook - The Cheesecake Factory,"Miami, FL", 30+ days ago
Dishwasher - The Cheesecake Factory,"Miami, FL", 30+ days ago
Prep Cook - The Cheesecake Factory,"Escondido, CA", 30+ days ago
Maintenance Mechanic - Rocky Mount Bakery,"Battleboro, NC", 30+ days ago
Busser - The Cheesecake Factory,"Rochester, NY", 30+ days ago
Host - The Cheesecake Factory,"Rochester, NY", 30+ days ago
Dessert Finisher/Espresso Maker - The Cheesecake Factory,"Rochester, NY", 30+ days ago
Bartender - The Cheesecake Factory,"Happy Valley, OR", 30+ days ago
Cashier - The Cheesecake Factory,"Happy Valley, OR", 30+ days ago
Steward - The Cheesecake Factory,"Happy Valley, OR", 30+ days ago
Regional Facilities Manager - Bay Area/Western U.S.,"Santa Clara, CA", 30+ days ago
Dessert Finisher/Espresso Maker,"Willow Grove, PA", 30+ days ago
Senior Tax Accountant,"Agoura Hills, CA", 30+ days ago
Tax Accountant,"Agoura Hills, CA", 30+ days ago
Payroll Manager,"Agoura Hills, CA", 30+ days ago
Dishwasher,"Metairie, LA", 1 days ago
Busser,"Metairie, LA", 1 days ago
Cashier,"Metairie, LA", 1 days ago
Host,"Metairie, LA", 1 days ago
Kitchen Manager - South Center,"Tukwila, WA", 1 days ago
Kitchen Manager,"Hackensack, NJ", 1 days ago
Restaurant Manager,"Jersey City, NJ", 1 days ago
Kitchen Manager - Fort Lauderdale,"Sugar Land, FL", 1 days ago
Line Cook,"Natick, MA", 2 days ago
Restaurant Manager - The Cheesecake Factory,"West Nyack, NY", 2 days ago
Prep Cook,"Chula Vista, CA", 3 days ago
Steward,"Minnetonka, MN", 4 days ago
Bartender,"Minnetonka, MN", 4 days ago
Kitchen Manager - The Grove,"Los Angeles, CA", 5 days ago
Restaurant Manager - San Jose,"Santa Clara, CA", 5 days ago
Kitchen Manager - San Jose,"Santa Clara, CA", 5 days ago
Restaurant Manager - Salt Lake,"Murray, UT", 6 days ago
